review,label
This movie is absolutely fantastic what a great plot,1
I hated every second of this film it was a disaster,0
The acting was superb and the storyline was compelling,1
A complete waste of my time and money do not watch,0
The best film I have seen this year truly inspiring,1
Terrible acting and a very boring plot I fell asleep,0
I loved it so much that I watched it twice,1
Just awful from beginning to end avoid at all costs,0
A masterpiece of modern cinema everyone should see it,1
I would rather watch paint dry this was painful,0
The visuals were stunning but the story was weak,1
Not bad actually quite good and very enjoyable,1
The plot was so predictable I guessed the ending in the first 10 minutes,0
A cinematic triumph! The direction was flawless.,1
The script felt like it was written by a child.,0
An emotional rollercoaster that left me breathless. Highly recommended.,1
The characters were one-dimensional and unrelatable.,0
Absolutely brilliant from start to finish. A must-see film.,1
The special effects were cheap and unconvincing.,0
A heartwarming story with powerful performances.,1
I wanted to walk out of the theater halfway through.,0
The cinematography was breathtakingly beautiful.,1
This film is a prime example of style over substance.,0
Kept me on the edge of my seat the whole time. Incredible suspense.,1
The dialogue was cringeworthy and unnatural.,0
A truly unforgettable experience. Five stars!,1
It's a two-hour movie that feels like four. So slow.,0
The chemistry between the lead actors was electric.,1
I can't believe I wasted a Friday night on this.,0
A thought-provoking film that will stay with you for days.,1
The ending was abrupt and made no sense whatsoever.,0
"Hilarious and witty, I laughed until I cried.",1
An absolute trainwreck from the opening scene.,0
The director's vision is clear and executed perfectly.,1
This movie tries too hard to be clever and fails miserably.,0
A beautiful and moving piece of art.,1
Save your money. This is one to skip.,0
The soundtrack perfectly complemented the emotional tone of the film.,1
I was genuinely bored for the entire runtime.,0
A complex and multi-layered plot that rewards attention.,1
The protagonist was so annoying I was rooting for the villain.,0
Flawless acting from the entire cast.,1
A confusing mess of a story. I still don't know what it was about.,0
One of the most creative films I've seen in a long time.,1
The action sequences were poorly choreographed and dull.,0
A powerful message delivered with grace and skill.,1
This film is pretentious and empty.,0
I was completely captivated by the world this movie created.,1
The humor fell flat and the jokes were lame.,0
An instant classic. Will be rewatching this for years to come.,1
I've seen student films with better production quality.,0
The costume design was exquisite and detailed.,1
A clichéd and uninspired plot we've seen a thousand times.,0
"Perfectly paced, not a single dull moment.",1
I regret every single minute I spent watching this.,0
A visual spectacle that needs to be seen on the big screen.,1
The story had potential but the execution was terrible.,0
Deeply moving and wonderfully acted.,1
This movie is an insult to the audience's intelligence.,0
"The tension was built masterfully, leading to a shocking climax.",1
I almost fell asleep multiple times. So incredibly boring.,0
A feel-good movie that will leave you smiling.,1
The characters make incredibly stupid decisions throughout the film.,0
The director is a genius. What a vision.,1
An incoherent and pointless exercise in filmmaking.,0
I was hooked from the very first scene.,1
The plot holes were so big you could drive a truck through them.,0
A stunning achievement in filmmaking.,1
Don't believe the hype. This movie is a huge disappointment.,0
The lead performance was Oscar-worthy.,1
A soulless cash grab with no artistic merit.,0
An exhilarating ride from beginning to end.,1
Painfully slow and utterly pointless.,0
This film resonated with me on a deep level.,1
The ending completely ruined the entire movie for me.,0
A clever script with sharp dialogue.,1
"I was checking my watch constantly, waiting for it to be over.",0
A beautiful story about love and loss.,1
What a snoozefest. I should have stayed home.,0
The world-building was immersive and fascinating.,1
The villain was a caricature with no believable motivation.,0
"I laughed, I cried, it became a part of me.",1
This film is a cinematic disaster of epic proportions.,0
The suspense is almost unbearable in the best way possible.,1
I've never been so disappointed by a movie before.,0
A refreshing and original take on a familiar genre.,1
"It was so bad it was almost funny, but not quite.",0
The child actors were surprisingly brilliant.,1
A lazy and uninspired effort from everyone involved.,0
This movie is a work of art. Visually and emotionally stunning.,1
I felt nothing for any of the characters.,0
The practical effects were impressive and visceral.,1
A poorly edited mess. Some scenes just randomly end.,0
A perfect blend of comedy and drama.,1
All style and no substance. A hollow experience.,0
The score was haunting and beautiful.,1
I can't think of a single redeeming quality for this film.,0
"A story that needed to be told, and was told beautifully.",1
The writing is just plain bad. So many clichés.,0
"I was on the edge of my seat, biting my nails.",1
The movie just drags on and on with no real point.,0
An absolute delight. Fun for the whole family.,1
This was two hours of my life I'll never get back.,0
The attention to historical detail was impeccable.,1
It's like they ran out of money for the third act.,0
A gripping thriller with twists you won't see coming.,1
The lead actor had the emotional range of a teaspoon.,0
I left the cinema feeling uplifted and inspired.,1
A cynical and depressing film with nothing to say.,0
The choreography of the fight scenes was top-notch.,1
This film is a complete and utter failure.,0
"A quiet, introspective film that makes you think.",1
"Loud, obnoxious, and painfully unfunny.",0
The casting was perfect. Every actor fit their role.,1
The plot is nonsensical and full of contradictions.,0
A truly magical and enchanting movie experience.,1
I've had more exciting naps.,0
The final act was emotionally devastating in the best way.,1
An overhyped and underwhelming piece of cinema.,0
This film is a technical marvel. The sound design is incredible.,1
The script could have used a few more rewrites. Or a thousand.,0
A landmark film that will be studied for generations.,1
What a shallow and superficial movie.,0
The chemistry between the two leads is undeniable.,1
I was embarrassed for the actors. They deserved a better script.,0
A bold and audacious piece of filmmaking.,1
"This is not a movie, it's a punishment.",0
I was thoroughly entertained from start to finish.,1
"The pacing is all over the place. Some scenes drag, others are rushed.",0
An intelligent script that respects the audience.,1
Avoid this like the plague. Seriously.,0
The production design was breathtaking and immersive.,1
I found it impossible to care about the story or the people in it.,0
A heartwarming tale that will restore your faith in humanity.,1
The director clearly had no idea what they were doing.,0
A fantastic movie with a great message.,1
"The plot is a tangled, incoherent mess.",0
"One of the best movies of the decade, without a doubt.",1
"I was hoping it would get better, but it never did.",0
The storytelling is masterful.,1
A mind-numbingly dull experience.,0
I cried tears of joy at the end. So beautiful.,1
The jokes are old and were never funny to begin with.,0
The film's atmosphere is thick with tension and dread.,1
A classic example of a movie trying to be too many things at once.,0
A cinematic journey that is well worth taking.,1
It's just a series of events with no connecting plot.,0
The performances were raw and incredibly powerful.,1
This movie is the cinematic equivalent of a headache.,0
I was smiling from ear to ear the entire time.,1
The director's self-indulgence is on full display here.,0
An epic in every sense of the word. Grand and ambitious.,1
I've seen more compelling stories in commercials.,0
The character arcs were well-developed and satisfying.,1
A movie so bad it's an achievement in itself.,0
A visually stunning masterpiece that you can't miss.,1
The story lacks any semblance of logic or coherence.,0
A truly original and groundbreaking film.,1
"My disappointment is immeasurable, and my day is ruined.",0
The suspense was expertly crafted. I was genuinely scared.,1
This felt like a cheap knock-off of a much better movie.,0
An emotionally resonant film that sticks with you.,1
The actors look as bored as I felt.,0
The screenplay is a work of genius.,1
An utter and complete waste of talent and resources.,0
I was fully invested in the characters and their journey.,1
The film takes itself way too seriously and becomes a parody.,0
A delightful and charming film.,1
The most forgettable movie I've seen all year.,0
The direction is confident and stylish.,1
A poorly constructed narrative that falls apart under scrutiny.,0
A movie that makes you feel a wide range of emotions.,1
I wouldn't recommend this to my worst enemy.,0
The editing was sharp and kept the pace brisk.,1
The story is paper-thin and stretched out for two hours.,0
A cinematic poem. Absolutely gorgeous.,1
I felt dumber after watching this.,0
The twist ending was brilliant and recontextualized the whole film.,1
The twist was so obvious it was insulting.,0
A profoundly human story that is both heartbreaking and hopeful.,1
I have no idea what the point of this movie was.,0
The action sequences are some of the best I've ever seen.,1
"A slow, plodding, and ultimately pointless film.",0
A triumph of independent filmmaking.,1
"The movie is a mess, plain and simple.",0
I've already recommended it to all my friends.,1
The dialogue sounds like it was generated by a bad AI.,0
A captivating story from start to finish.,1
"Just a terrible, terrible movie. No redeeming qualities.",0
The lead actress gave a career-defining performance.,1
The movie's tone is wildly inconsistent.,0
A beautiful film with a lot of heart.,1
I was cringing so hard my face hurt.,0
The set pieces were spectacular and inventive.,1
This film is a tedious and joyless affair.,0
A surprisingly deep film with a lot to say.,1
The special effects looked like they were from a 90s video game.,0
An amazing film that exceeded all my expectations.,1
The plot is a complete and utter nonsense.,0
The chemistry between the entire cast was amazing to watch.,1
"The movie fails as a comedy, a drama, and as entertainment.",0
A thrilling ride that never lets up.,1
I was completely disengaged from the story.,0
The director's passion for the subject is evident in every frame.,1
An exercise in mediocrity.,0
A spectacular and unforgettable film.,1
The script is full of plot holes and lazy writing.,0
"I was emotionally drained by the end, in a good way.",1
"The characters were so poorly written, it was painful to watch.",0
A masterpiece of storytelling and visual art.,1
This movie is an abomination.,0
The suspense was so thick you could cut it with a knife.,1
It felt like the longest two hours of my life.,0
A wonderfully crafted film that deserves all the awards.,1
The ending felt tacked on and unsatisfying.,0
A fun and lighthearted movie that's easy to enjoy.,1
"This film is a joyless, soulless product.",0
The cinematography creates a truly haunting atmosphere.,1
The humor is juvenile and forced.,0
A powerful and important film.,1
A bland and generic movie with nothing new to offer.,0
"I was so invested, I forgot I was watching a movie.",1
The acting was stiff and uninspired.,0
The score is one of the best I've heard in years.,1
A predictable story from start to finish.,0
This film is a gift. Absolutely perfect.,1
I've never wanted a refund so badly in my life.,0
The narrative is complex but rewarding.,1
An incoherent mess that's difficult to follow.,0
A brilliantly directed and acted piece of cinema.,1
The movie looks cheap and poorly made.,0
A film that will make you laugh and cry.,1
A colossal failure on every conceivable level.,0
The world felt real and lived-in. Amazing world-building.,1
The plot is so thin it's almost transparent.,0
I can't praise this movie enough. Go see it now.,1
I was actively angry watching this film. It's that bad.,0
The use of color and light was simply masterful.,1
The characters are walking clichés.,0
A truly exceptional film in every regard.,1
The story goes nowhere and accomplishes nothing.,0
A gripping drama that will have you hooked.,1
The pacing was glacial. So incredibly slow.,0
A cinematic experience I will never forget.,1
This movie is the definition of 'all hype'.,0
The performances were nuanced and deeply moving.,1
I couldn't connect with any aspect of this film.,0
A wonderfully original story with a lot of heart.,1
A pretentious mess that thinks it's smarter than it is.,0
The editing is seamless and enhances the story.,1
A poorly executed concept with wasted potential.,0
An absolute joy to watch. Highly recommended.,1
"The movie is an assault on the senses, and not in a good way.",0
"The script is sharp, witty, and intelligent.",1
The director should probably consider a new career.,0
A beautiful tribute to the human spirit.,1
This film is an empty spectacle.,0
I was completely absorbed by the storyline.,1
The plot makes absolutely no sense.,0
The acting is top-tier from the entire ensemble.,1
I've seen more emotion from a brick wall.,0
A visually dazzling film with a compelling narrative.,1
A tedious journey to a predictable conclusion.,0
This is filmmaking at its finest.,1
A new low for the genre.,0
I was hanging on every word of dialogue.,1
The whole film feels like a first draft.,0
A profound and deeply affecting film.,1
Just a series of loud noises and explosions.,0
The story is simple but told with such elegance.,1
The characters behave in ways that defy all logic.,0
A spectacular achievement. Bravo!,1
"I've forgotten the movie already, and I just watched it.",0
The sound design was immersive and unsettling.,1
"A lazy, derivative, and boring film.",0
A genuinely moving and powerful story.,1
The villain's plan was convoluted and nonsensical.,0
A brilliant piece of satire.,1
I found the entire experience to be utterly draining.,0
The cinematography was poetic.,1
This film is a cure for insomnia.,0
A perfect movie. I wouldn't change a thing.,1
An embarrassing failure for everyone involved.,0
The way the story unfolds is pure genius.,1
The movie fails to create any tension or excitement.,0
A must-watch for any fan of cinema.,1
A film so bad it made me question my life choices.,0
The lead's performance was breathtaking.,1
The special effects were distracting and poorly integrated.,0
A charming film that will steal your heart.,1
A painfully unfunny comedy.,0
The direction was subtle and brilliant.,1
The story is a convoluted mess from start to finish.,0
A film that is both entertaining and meaningful.,1
"I was hoping for a disaster, and I got one.",0
The emotional core of the film is incredibly strong.,1
The movie is a hollow and cynical cash-in.,0
I was thoroughly impressed by the craftsmanship.,1
The writing is lazy and relies on tired tropes.,0
A film that challenges its audience in the best way.,1
This is a movie with an identity crisis.,0
The visuals alone are worth the price of admission.,1
The acting ranges from mediocre to just plain awful.,0
A wonderful movie that I'll be thinking about for a while.,1
A shockingly bad film from a talented director.,0
"The pacing is perfect, building to a satisfying conclusion.",1
The movie just plods along with no sense of urgency.,0
An extraordinary film that defies categorization.,1
"A story we've seen countless times, and done better.",0
The performances will stay with me for a long time.,1
This film is a complete misfire.,0
A truly inspired and creative work.,1
The plot is so full of holes it's like Swiss cheese.,0
An exciting and well-executed action movie.,1
A mind-numbingly repetitive and dull film.,0
The cast has incredible chemistry together.,1
The characters are underdeveloped and boring.,0
A beautifully shot film with a powerful message.,1
A cheap and lazy production.,0
This film is a triumph.,1
The story is illogical and poorly thought out.,0
I was captivated from the opening shot to the final frame.,1
A seriously flawed and disappointing movie.,0
The direction is masterful and confident.,1
The dialogue is so unnatural it's laughable.,0
"A fun, energetic, and highly entertaining film.",1
"The movie is a slow, agonizing crawl to the credits.",0
The screenplay was tight and well-structured.,1
A messy and unfocused narrative.,0
A visually and emotionally rich experience.,1
This film is an insult to the source material.,0
A brilliant satire that hits all the right notes.,1
The movie is trying to be deep but is just shallow.,0
An incredible journey that is both epic and intimate.,1
I felt my brain cells dying as I watched this.,0
The acting was phenomenal across the board.,1
A soulless and formulaic Hollywood product.,0
A unique and unforgettable cinematic vision.,1
I've had more fun at the dentist.,0
The story is told with such warmth and humanity.,1
A movie that is as dumb as it is loud.,0
A true work of art. Absolutely stunning.,1
The most overrated movie of the year.,0
The suspense was palpable and expertly handled.,1
A complete and utter waste of a good concept.,0
A powerful story that needed to be told.,1
I couldn't find a single thing to like about this film.,0
The filmmakers have created a true masterpiece.,1
The plot is a chaotic mess with no clear direction.,0
A delightful surprise. I loved every minute.,1
This film represents everything wrong with modern cinema.,0
The character development was subtle and brilliant.,1
The performances were wooden and uninspired.,0
A thrilling and intelligent sci-fi adventure.,1
A confusing and ultimately pointless movie.,0
The film is visually spectacular.,1
The script is atrocious and the acting is worse.,0
A deeply emotional and resonant story.,1
The director has no sense of pacing or tone.,0
A fantastic film from a visionary director.,1
A movie so generic I'll forget it by tomorrow.,0
The ensemble cast is simply perfect.,1
The ending is a massive letdown.,0
"A smart, funny, and touching film.",1
This movie is a chore to sit through.,0
The cinematography is some of the best I've ever seen.,1
The story is so bland and uninteresting.,0
A tour de force of acting and directing.,1
A cringe-inducing experience from start to finish.,0
This movie will make you believe in the magic of cinema again.,1
A pathetic attempt at making an art film.,0
The plot twists were genuinely surprising and well-earned.,1
The characters are paper-thin and impossible to care about.,0
A truly uplifting and feel-good movie.,1
I've never been so bored in a movie theater.,0
The technical aspects of the film are flawless.,1
The humor is painfully forced and never lands.,0
An intelligent and thought-provoking script.,1
A derivative and unoriginal mess.,0
A beautiful film that will touch your soul.,1
The movie is an incoherent jumble of scenes.,0
The lead performance is simply mesmerizing.,1
I was actively rooting for the movie to end.,0
An amazing achievement in independent film.,1
The plot is predictable from the first five minutes.,0
A wonderful and charming movie for all ages.,1
An absolute embarrassment to the art of film.,0
The score is powerful and adds so much to the film.,1
The story is completely devoid of logic.,0
A modern classic in the making.,1
I feel cheated out of my time and money.,0
The attention to detail in the production design is incredible.,1
The film is a sluggish and tedious affair.,0
A gripping tale of survival and courage.,1
The acting is so bad it's distracting.,0
A visually stunning and thematically rich film.,1
A hollow movie with nothing important to say.,0
The suspense will keep you guessing until the very end.,1
The director seems to think loud is the same as exciting.,0
A brilliantly crafted story with unforgettable characters.,1
A waste of a great cast and a decent premise.,0
This film is a cinematic masterpiece.,1
I can't believe how terrible this movie was.,0
The storytelling is innovative and fresh.,1
The script feels like it was written in a weekend.,0
A truly special film that deserves to be seen.,1
"A boring, pretentious, and pointless film.",0
The action is visceral and expertly choreographed.,1
The plot makes no logical sense whatsoever.,0
An emotional tour de force. I was wrecked.,1
The movie is a complete and utter disaster.,0
The direction is stylish and confident.,1
The characters are annoying and make stupid choices.,0
A thought-provoking film that sparks conversation.,1
I've had more engaging conversations with a wall.,0
The cinematography is absolutely breathtaking.,1
"A poorly written, poorly acted, and poorly directed film.",0
A perfect film. I have no notes.,1
This film is a new low point for cinema.,0
The cast delivers powerful and authentic performances.,1
A movie that is full of itself and has nothing to offer.,0
A fun and exciting adventure from start to finish.,1
"The pacing is a mess, the story is a bore.",0
The screenplay is a masterclass in writing.,1
The jokes are so bad they're physically painful.,0
A beautiful and poignant story about life.,1
A shallow and meaningless spectacle.,0
The filmmakers crafted a truly immersive world.,1
I was checking my phone for the time every five minutes.,0
A stunning debut from a promising new director.,1
A trainwreck you can't look away from.,0
The emotional depth of this film is astounding.,1
The movie is two hours of nothing happening.,0
A landmark achievement in science fiction.,1
"The villain is a laughable, one-dimensional cartoon.",0
The chemistry between the leads is magical.,1
A clumsy and awkward attempt at drama.,0
A visually inventive and exciting film.,1
I regret the day I decided to watch this.,0
A profound story about the human condition.,1
"The movie is a cynical, heartless cash grab.",0
"The acting is subtle, nuanced, and perfect.",1
The script is a jumbled mess of bad ideas.,0
An absolute must-see for fans of the genre.,1
This movie has no redeeming features.,0
A wonderfully entertaining and well-made film.,1
A movie so bad it's an insult to the audience.,0
The direction creates an atmosphere of pure dread.,1
"The story is predictable, boring, and clichéd.",0
A true cinematic experience.,1
The movie feels like a homework assignment.,0
The performances are layered and captivating.,1
An incoherent and pretentious mess.,0
A heartfelt and hilarious movie.,1
I would not wish this movie upon anyone.,0
The visual effects are groundbreaking.,1
The writing is lazy and uninspired.,0
A film that will stay with you long after you've seen it.,1
A complete failure of a film.,0
The score is both epic and intimate.,1
The plot is so convoluted it's impossible to follow.,0
"A brilliant and original concept, executed perfectly.",1
"The movie is a boring, ugly, and stupid waste of time.",0
The cast is uniformly excellent.,1
The characters are so underdeveloped I forgot their names.,0
A masterpiece of suspense.,1
"The movie is a painful, joyless slog.",0
"A beautiful story, beautifully told.",1
A collection of bad scenes stitched together.,0
The lead actor carries the film with a stunning performance.,1
The director's ego is the only thing on display.,0
A fun ride with lots of laughs.,1
An aggressively bad movie.,0
The film is a visual feast.,1
The story is so thin it's non-existent.,0
A powerful and unforgettable film.,1
I've seen more interesting paint dry.,0
The script is smart and full of surprises.,1
A movie that fails on every possible level.,0
A truly great film.,1
The acting is terrible from top to bottom.,0
I was engaged and entertained the entire time.,1
A dull and lifeless film.,0
The cinematography is gorgeous and evocative.,1
The plot is a mess of clichés and conveniences.,0
A masterpiece that will be talked about for years.,1
An absolute trainwreck of a movie.,0
"The acting is superb, especially the supporting cast.",1
The story is an incoherent and pointless mess.,0
A creative and visually stunning film.,1
The director should never be allowed near a camera again.,0
A deeply moving story about family.,1
"A bland, forgettable, and mediocre film.",0
The suspense is expertly built and maintained.,1
The movie is a colossal bore.,0
A brilliant film that exceeded all my expectations.,1
A cynical and soulless Hollywood product.,0
The performances are authentic and heartbreaking.,1
The script is full of holes and lazy writing.,0
A cinematic triumph in every sense.,1
The movie is a complete waste of celluloid.,0
The director has a unique and compelling vision.,1
The humor is cheap and unfunny.,0
A beautiful and heartbreaking story.,1
A movie so bad it's fascinating.,0
The action sequences are breathtaking.,1
The pacing is agonizingly slow.,0
"A smart, funny, and original film.",1
The characters are one-note and boring.,0
A visually stunning and emotionally powerful film.,1
The movie is a pretentious and empty art-house flick.,0
The cast has amazing chemistry.,1
The plot is a nonsensical mess.,0
A truly masterful piece of filmmaking.,1
I was bored to tears.,0
The story is complex and rewarding.,1
A derivative and uninspired rehash of better films.,0
A powerful film with a timely message.,1
The acting is wooden and unconvincing.,0
The cinematography creates a rich and immersive atmosphere.,1
"A loud, obnoxious, and brainless blockbuster.",0
A perfect blend of heart and humor.,1
The story is so predictable it's insulting.,0
An incredible film that will leave you speechless.,1
A shallow and superficial movie with no depth.,0
The lead performance is a tour de force.,1
The movie is an incoherent jumble of ideas.,0
A delightful film that will leave you smiling.,1
A painfully long and boring experience.,0
The direction is confident and stylish.,1
The script is a collection of tired clichés.,0
A film that is both epic in scope and intimate in feel.,1
A movie that thinks it's profound but is actually just dumb.,0
The acting is nuanced and powerful.,1
The special effects are cheap and unconvincing.,0
A truly unique and unforgettable film.,1
A completely forgettable and generic movie.,0
"The suspense is so well-crafted, it's almost unbearable.",1
"The movie is a slow, tedious, and pointless exercise.",0
A masterpiece of modern cinema.,1
An absolute disaster from start to finish.,0
The performances are raw and emotionally honest.,1
The plot is riddled with inconsistencies and plot holes.,0
A visually breathtaking and imaginative film.,1
A lazy and cynical cash-grab.,0
A brilliant script that is both smart and funny.,1
"The characters are so unlikable, I couldn't care less what happened to them.",0
A deeply affecting and beautifully made film.,1
The director has a terrible sense of pacing.,0
An exhilarating and action-packed thrill ride.,1
The movie is a tedious and self-indulgent mess.,0
"The acting is phenomenal, a true ensemble piece.",1
A soulless film made by a committee.,0
A creative and inspired piece of art.,1
The story is a convoluted mess that goes nowhere.,0
A heartwarming film that will restore your faith in cinema.,1
"A movie so bad, it's an offense to the senses.",0
"The suspense is palpable, keeping you on the edge of your seat.",1
The plot is thin and stretched to its breaking point.,0
A beautifully crafted film from a true auteur.,1
An uninspired and derivative piece of trash.,0
The performances are simply outstanding.,1
The dialogue is clunky and unnatural.,0
"A fun, charming, and thoroughly enjoyable movie.",1
The movie is a joyless and depressing slog.,0
"The cinematography is stunning, every frame is a painting.",1
A poorly conceived and executed film.,0
A masterpiece of tension and atmosphere.,1
A movie with nothing to say and two hours to say it.,0
The cast is perfectly chosen and delivers amazing performances.,1
"The story is a mess, and the ending makes no sense.",0
A truly great film that will stand the test of time.,1
A boring and pretentious waste of time.,0
"The screenplay is clever, witty, and deeply moving.",1
"The movie is a loud, dumb, and pointless spectacle.",0
A visually spectacular and emotionally resonant film.,1
A complete and utter failure in every respect.,0
The acting is so powerful it will give you chills.,1
The characters are paper-thin stereotypes.,0
A magnificent film that I will never forget.,1
An incoherent mess of a movie.,0
"The direction is flawless, a true master at work.",1
The jokes are stale and the humor is forced.,0
A beautiful and poignant film about love.,1
"A shallow, empty, and soulless movie.",0
The action is well-choreographed and exciting.,1
"The story is a predictable, by-the-numbers affair.",0
"A brilliant, original, and thought-provoking film.",1
A movie so bad it's almost impressive.,0
The performances are deeply felt and incredibly moving.,1
"The script is a disaster, full of clichés and bad dialogue.",0
"A triumph of filmmaking, a must-see for everyone.",1
A cynical cash-in with no artistic merit.,0
The director creates a world that feels real and alive.,1
"The movie is a slow, plodding journey to nowhere.",0
A smart and sophisticated thriller.,1
The characters are so stupid it's hard to watch.,0
A visually stunning epic that deserves to be seen on the big screen.,1
"A lazy, uninspired, and boring film.",0
"The acting is top-notch, with a standout lead performance.",1
The plot is a jumbled mess of half-baked ideas.,0
A truly wonderful film that will make you feel good.,1
A movie so forgettable I've already forgotten it.,0
"The suspense is expertly handled, creating a real sense of dread.",1
The movie is a self-indulgent and pretentious mess.,0
A masterpiece of visual storytelling.,1
An absolute chore to sit through.,0
The entire cast delivers award-worthy performances.,1
The story is nonsensical and full of plot holes.,0
A clever and inventive film that defies expectations.,1
"A derivative, clichéd, and utterly predictable movie.",0
A deeply human and moving story.,1
The acting is stiff and lifeless.,0
A visual feast with stunning cinematography.,1
A loud and obnoxious film with no substance.,0
A perfect film in every way.,1
A complete disaster of a movie.,0
"The screenplay is sharp, funny, and poignant.",1
The movie is a boring and pointless exercise in filmmaking.,0
A powerful and emotionally devastating film.,1
The characters are underdeveloped and uninteresting.,0
A brilliant and masterful work of cinema.,1
An incoherent and frustrating mess.,0
"The direction is stylish, confident, and visionary.",1
The humor is juvenile and not funny.,0
A beautiful and heartwarming story that will lift your spirits.,1
A shallow and cynical movie that insults its audience.,0
The action sequences are visceral and intense.,1
The story is a tangled web of nonsense.,0
A thought-provoking film that will stay with you.,1
A movie so bad it's an insult to trees.,0
The acting is incredibly authentic and believable.,1
The script is a jumble of clichés and bad one-liners.,0
A true cinematic achievement.,1
"A boring, predictable, and utterly joyless film.",0
The world-building is rich and detailed.,1
The plot is so thin you could read a newspaper through it.,0
An amazing film that I can't recommend enough.,1
An absolute waste of talent.,0
The score is hauntingly beautiful.,1
The characters are walking stereotypes.,0
A fantastic movie experience from start to finish.,1
"A slow, boring, and pretentious film.",0
"The performances are layered, complex, and brilliant.",1
The story is a chaotic mess.,0
"A fun, charming, and hilarious comedy.",1
"The movie is a joyless, depressing experience.",0
"The cinematography is breathtaking, a visual poem.",1
A poorly written and poorly directed mess.,0
A masterpiece of tension and suspense.,1
A movie that goes absolutely nowhere.,0
"The cast is electric, their chemistry is off the charts.",1
The story is illogical and full of conveniences.,0
A truly great film that will be remembered for years.,1
"A boring, self-important, and empty film.",0
"The script is a work of genius, smart and emotional.",1
"A loud, dumb movie for dumb people.",0
A visually spectacular film with a lot of heart.,1
A complete and utter failure of imagination.,0
The acting is so good it feels real.,1
The characters are one-dimensional and unlikable.,0
A magnificent achievement in film.,1
An incoherent mess from beginning to end.,0
The direction is flawless and inspired.,1
The jokes fall flat and the gags are old.,0
A beautiful and poignant story about loss and hope.,1
"A shallow, soulless, and cynical exercise.",0
The action is inventive and brilliantly executed.,1
The story is a predictable and tired formula.,0
"A brilliant, original, and mind-bending film.",1
"A movie so bad, it's a crime against cinema.",0
The performances are powerful and unforgettable.,1
The script is a disaster area.,0
A triumph of the human spirit on film.,1
A cynical and empty cash grab.,0
The director's vision is brought to life perfectly.,1
"The movie is a slow, agonizing bore.",0
"A smart, stylish, and thrilling movie.",1
The characters are so moronic it's infuriating.,0
A visual epic that demands to be seen.,1
A lazy and uninspired piece of garbage.,0
"The acting is superb, a masterclass from the lead.",1
The plot is a confusing jumble of events.,0
A wonderful film that will warm your heart.,1
A movie so forgettable it's like it never happened.,0
The suspense is ratcheted up to an unbearable degree.,1
A self-indulgent and boring vanity project.,0
A masterpiece of cinematic art.,1
An absolute trainwreck of epic proportions.,0
The entire cast is at the top of their game.,1
The story makes no sense and is full of contradictions.,0
A clever and surprising film.,1
"A derivative, clichéd, and predictable story.",0
A deeply moving and resonant film.,1
The acting is wooden and emotionless.,0
A visual feast for the eyes.,1
"A loud, obnoxious, and pointless film.",0
"A perfect movie, flawless in every aspect.",1
A complete and utter disaster.,0
The screenplay is a masterpiece of writing.,1
"A boring, pointless exercise in tedium.",0
A powerful and emotionally draining film.,1
The characters are underdeveloped and one-note.,0
A brilliant and visionary work of art.,1
An incoherent and frustrating film experience.,0
"The direction is stylish, confident, and masterful.",1
The humor is childish and unfunny.,0
A beautiful and heartwarming story.,1
A shallow and cynical insult to intelligence.,0
The action sequences are exhilarating and well-staged.,1
The story is a tangled mess of plot holes.,0
A thought-provoking film that lingers in the mind.,1
A movie so bad it makes you angry.,0
The acting is authentic and deeply felt.,1
The script is a mess of bad dialogue and clichés.,0
A true cinematic landmark.,1
"A boring, predictable, and joyless experience.",0
The world-building is immersive and captivating.,1
The plot is wafer-thin.,0
An incredible film that I highly recommend.,1
A total waste of a talented cast.,0
The score is beautiful and memorable.,1
The characters are uninteresting caricatures.,0
A fantastic and entertaining movie.,1
"A slow, boring, and pretentious mess.",0
The performances are nuanced and brilliant.,1
The story is a confusing and chaotic mess.,0
"A fun, witty, and charming comedy.",1
The movie is a depressing and joyless affair.,0
The cinematography is stunningly beautiful.,1
A poorly written and clumsily directed film.,0
A masterpiece of suspense and atmosphere.,1
A movie that meanders aimlessly to its conclusion.,0
"The cast has an incredible, palpable chemistry.",1
The story is illogical and riddled with plot conveniences.,0
A truly great film that will be celebrated for years.,1
"A boring, self-important, and hollow film.",0
The script is a work of pure genius.,1
"A loud, dumb, and soulless blockbuster.",0
A visually dazzling film with surprising depth.,1
A complete and utter failure of a movie.,0
The acting is so powerful it's hard to watch at times.,1
The characters are one-dimensional cardboard cutouts.,0
"A magnificent film, a true cinematic event.",1
An incoherent mess that fails on every level.,0
"The direction is precise, confident, and brilliant.",1
The jokes are cringe-worthy and painfully unfunny.,0
A beautiful and poignant film about the human condition.,1
"A shallow, cynical, and emotionally empty movie.",0
"The action is innovative, exciting, and brutal.",1
"The story is a predictable, paint-by-numbers exercise.",0
"A brilliant, original, and unforgettable movie.",1
A film so bad it should come with a warning label.,0
"The performances are raw, honest, and heartbreaking.",1
The script is an absolute travesty.,0
A triumph of spirit and filmmaking.,1
A cynical cash-in that disrespects its audience.,0
The director's unique vision shines through.,1
"The movie is a slow, agonizingly dull experience.",0
"A smart, sophisticated, and thrilling story.",1
The characters are so idiotic it defies belief.,0
A visual spectacle that has to be seen to be believed.,1
"A lazy, derivative, and utterly boring film.",0
"The acting is superb, especially the lead's powerful performance.",1
The plot is a confusing mess of unconnected scenes.,0
A wonderful and heartwarming film that will make you smile.,1
"A movie so forgettable, it's like a memory wipe.",0
The suspense is built to an almost unbearable level.,1
"A self-indulgent, boring, and pointless vanity film.",0
A masterpiece of film art.,1
An absolute abomination of a film.,0
The entire ensemble cast is flawless.,1
The story makes no logical sense and is full of contradictions.,0
"A clever, witty, and surprising film.",1
"A derivative, clichéd, and predictable waste of time.",0
A deeply moving and powerful cinematic experience.,1
"The acting is wooden, uninspired, and lifeless.",0
A visual delight with stunning cinematography.,1
"A loud, obnoxious, and utterly pointless blockbuster.",0
A perfect film from beginning to end.,1
A complete and unmitigated disaster.,0
The screenplay is a brilliant piece of writing.,1
"A boring, pointless, and tedious film.",0
"A powerful, emotionally resonant, and unforgettable film.",1
The characters are underdeveloped and impossible to care about.,0
"A brilliant, visionary, and groundbreaking work of art.",1
"An incoherent, frustrating, and ultimately empty experience.",0
"The direction is stylish, confident, and perfectly paced.",1
"The humor is juvenile, forced, and consistently misses the mark.",0
A beautiful and heartwarming story that will stay with you.,1
A shallow and cynical movie designed to make a quick buck.,0
The action sequences are breathtaking and masterfully choreographed.,1
The story is a tangled mess of loose ends and plot holes.,0
A thought-provoking film that challenges the viewer.,1
A movie so bad it makes you question the state of cinema.,0
"The acting is authentic, raw, and incredibly powerful.",1
The script is a jumbled mess of clichés and terrible dialogue.,0
A true cinematic achievement that will be remembered.,1
"A boring, predictable, and soulless piece of content.",0
"The world-building is rich, imaginative, and fully realized.",1
The plot is so thin it's barely there.,1
An amazing film that I will be recommending to everyone.,1